client_id,client_name,company_overview,address,industry,name,designation,email,phone
1011,Keystone Builders Ltd.,Renowned for their expertise in commercial and residential construction.,123 Lake St Springfield IL,Commercial & Residential,Peter Harris,CEO,peter.harris@keystone.com,(555) 234-5678
1012,Legacy Construction Inc.,Specializes in restoration and heritage building projects.,456 Hill St Metropolis NY,Restoration & Heritage,Alice Turner,Project Director,alice.turner@legacy.com,(555) 345-6789
1013,Majestic Constructions,Experts in luxury residential and commercial property development.,789 River St Gotham NJ,Luxury Development,Brian King,Director of Development,brian.king@majestic.com,(555) 456-7890
1014,Nexus Infrastructure Co.,Provides comprehensive infrastructure development services.,321 Ocean St Star City TX,Infrastructure,Carol Scott,Infrastructure Manager,carol.scott@nexus.com,(555) 567-8901
1015,OmniBuild Ltd.,Leaders in modular and prefabricated building solutions.,654 Valley St Central City CA,Modular & Prefabricated,Daniel Adams,Production Manager,daniel.adams@omnibuild.com,(555) 678-9012
1016,Pinnacle Builders Group,Known for innovative and sustainable construction practices.,987 Mountain St Keystone FL,Sustainable Construction,Emma Wright,Sustainability Director,emma.wright@pinnacle.com,(555) 789-0123
1017,Quantum Constructions,Specializes in high-tech and smart building solutions.,159 Glen St Coast City WA,High-Tech & Smart Buildings,Frank Baker,Chief Technology Officer,frank.baker@quantum.com,(555) 890-1234
1018,RedRock Constructions,Experts in large-scale commercial and industrial projects.,753 Pine St Star City TX,Commercial & Industrial,Grace Hill,Senior Project Manager,grace.hill@redrock.com,(555) 901-2345
1019,Skyline Builders Ltd.,Known for their expertise in urban development and high-rise buildings.,357 Forest St Metropolis NY,Urban Development,Harry Jones,Urban Planner,harry.jones@skyline.com,(555) 012-3456
1020,Titan Construction Co.,Provides top-notch construction services for residential commercial and industrial sectors.,159 Grove St Springfield IL,Multi-Sector,Irene Lewis,Director of Operations,irene.lewis@titan.com,(555) 123-4567
1021,sal Builders Inc.,Specializes in large-scale infrastructure projects including roads bridges and highways.,123 Park St Springfield IL,Infrastructure,Jack Robinson,CEO,jack.robinson@universal.com,(555) 234-5678
1022,Vista Construction Group,Focuses on eco-friendly building projects and sustainable urban development.,456 Mountain St Metropolis NY,Sustainable Development,Megan Taylor,Project Lead,megan.taylor@vista.com,(555) 345-6789
1023,Western Construction Ltd.,Renowned for their commercial and residential building services across the region.,789 Lakeview St Gotham NJ,Commercial & Residential,Charles White,Operations Director,charles.white@western.com,(555) 456-7890
1024,YellowStone Builders Co.,Provides comprehensive construction solutions focusing on high-quality residential projects.,321 Green St Star City TX,Residential,Rachel Green,Project Manager,rachel.green@yellowstone.com,(555) 567-8901
1025,Zenith Constructions LLC,Leading the market in innovative construction techniques and sustainable practices.,654 Meadow St Central City CA,Innovative Construction,George Harris,Chief Engineer,george.harris@zenith.com,(555) 678-9012
1026,Apex Construction Group,Specializes in commercial construction with an emphasis on timely and efficient project completion.,987 Hilltop St Keystone FL,Commercial Construction,Lisa Moore,Senior Project Manager,lisa.moore@apex.com,(555) 789-0123
1027,Bridgeway Builders,Experts in bridge construction and infrastructure development offering durable and innovative solutions.,159 Canyon St Coast City WA,Bridge & Infrastructure,Kevin Thompson,Lead Engineer,kevin.thompson@bridgeway.com,(555) 890-1234
1028,Continental Construction,Provides high-quality construction services for industrial commercial and residential projects.,753 Highland St Star City TX,Multi-Sector,Natalie Martinez,Director of Operations,natalie.martinez@continental.com,(555) 901-2345
1029,Dominion Builders Inc.,Focuses on commercial real estate development and construction with a portfolio of landmark projects.,357 Ridge St Metropolis NY,Commercial Real Estate,Edward King,Real Estate Director,edward.king@dominion.com,(555) 012-3456
1030,Empire Construction Co.,Specializes in large-scale residential and commercial construction projects across multiple states.,159 Summit St Springfield IL,Large-Scale Construction,Olivia Clark,Regional Manager,olivia.clark@empire.com,(555) 123-4567
1031,Frontier Builders LLC,Experts in innovative and sustainable building practices focusing on modern residential and commercial projects.,123 Creek St Metropolis NY,Sustainable Construction,Paul Wright,Innovation Director,paul.wright@frontier.com,(555) 234-5678
1032,Galaxy Construction Ltd.,Known for their expertise in high-rise construction and urban development projects.,456 Valley St Gotham NJ,High-Rise & Urban,Sandra Lee,Senior Architect,sandra.lee@galaxy.com,(555) 345-6789
1033,Harmony Builders Inc.,Provides comprehensive construction solutions with a focus on quality and client satisfaction.,789 Spring St Star City TX,Quality Construction,Steven Martinez,Client Relations Manager,steven.martinez@harmony.com,(555) 456-7890
1034,Imperial Constructions,Specializes in commercial residential and industrial construction projects delivering top-notch quality.,321 Summit St Keystone FL,Multi-Sector,Laura Harris,Project Lead,laura.harris@imperial.com,(555) 567-8901
1035,Jupiter Builders Group,Focuses on infrastructure development and public works projects including roads bridges and public buildings.,654 Pine St Coast City WA,Public Works,Mark Robinson,Public Works Director,mark.robinson@jupiter.com,(555) 678-9012
1036,Knight Construction Co.,Renowned for their excellence in commercial and industrial building projects providing end-to-end solutions.,987 Elm St Springfield IL,Commercial & Industrial,Ashley Johnson,Senior Engineer,ashley.johnson@knight.com,(555) 789-0123
1037,Landmark Builders Ltd.,Provides exceptional construction services with a focus on landmark commercial projects.,159 Cedar St Metropolis NY,Landmark Construction,Brian White,Lead Architect,brian.white@landmark.com,(555) 890-1234
1038,Maverick Constructions,Specializes in innovative construction techniques for modern residential and commercial buildings.,753 Maple St Gotham NJ,Innovative Construction,Chloe Davis,Innovation Manager,chloe.davis@maverick.com,(555) 901-2345
1039,NorthStar Builders Inc.,Experts in sustainable and eco-friendly construction practices focusing on green building certifications.,357 Birch St Star City TX,Sustainable Construction,Dylan Thompson,Sustainability Officer,dylan.thompson@northstar.com,(555) 012-3456
1040,Olympus Construction Co.,Known for their expertise in high-end residential and commercial construction projects.,159 Spruce St Central City CA,High-End Construction,Emma Clark,Senior Project Manager,emma.clark@olympus.com,(555) 123-4567
1041,Pacific Builders Group,Specializes in large-scale infrastructure projects including transportation and public works.,123 Willow St Coast City WA,Infrastructure,Jack Harris,Infrastructure Lead,jack.harris@pacific.com,(555) 234-5678
1042,Quantum Construction Inc.,Provides comprehensive construction management services for commercial and industrial projects.,456 Ash St Star City TX,Construction Management,Karen Lee,Construction Manager,karen.lee@quantum.com,(555) 345-6789
1043,Renaissance Builders Ltd.,Experts in restoration and renovation projects for historic and modern buildings.,789 Valley St Springfield IL,Restoration & Renovation,Liam Wilson,Restoration Director,liam.wilson@renaissance.com,(555) 456-7890
1044,Summit Construction Co.,Specializes in high-rise buildings and urban development projects delivering innovative solutions.,321 Forest St Metropolis NY,High-Rise & Urban,Megan Harris,Urban Development Manager,megan.harris@summit.com,(555) 567-8901
1045,Titan Builders Group,Provides top-quality construction services for commercial residential and industrial sectors.,654 Highland St Gotham NJ,Multi-Sector,Nathan Martinez,Director of Operations,nathan.martinez@titan.com,(555) 678-9012
1046,Urban Builders LLC,Experts in urban development and city infrastructure projects focusing on sustainable building practices.,987 Ridge St Star City TX,Urban Development,Olivia King,Urban Planner,olivia.king@urban.com,(555) 789-0123
1047,Victory Construction Inc.,Specializes in large-scale commercial and industrial projects providing innovative and efficient solutions.,159 Grove St Central City CA,Commercial & Industrial,Peter Brown,Senior Project Engineer,peter.brown@victory.com,(555) 890-1234
1048,Westward Builders Ltd.,Provides comprehensive construction solutions with a focus on quality and client satisfaction.,123 Glen St Springfield IL,Quality Construction,Rachel Lee,Client Relations Manager,rachel.lee@westward.com,(555) 901-2345
1049,Zenith Builders Group,Known for their expertise in high-rise construction and urban development projects.,456 Willow St Metropolis NY,High-Rise & Urban,Steven White,Senior Architect,steven.white@zenith.com,(555) 012-3456
1050,Alpha Construction Ltd.,A leading construction company specializing in commercial and residential building projects.,123 Main St Springfield IL,Commercial & Residential,John Smith,CEO,john.smith@alpha.com,(555) 123-4567
